Generation,Fitness,Best fitness,Mutation rate
0,4189.647713666666,4189.647713666666,0.2525
1,4020.355011,4020.355011,0.255025
2,3896.9022513333334,3896.9022513333334,0.25757525
3,3643.5509096666665,3643.5509096666665,0.2601510025
4,3414.9321133333333,3414.9321133333333,0.262752512525
5,3355.0225353333335,3355.0225353333335,0.26538003765025
6,3327.43898,3327.43898,0.26803383802675246
7,3243.081749,3243.081749,0.27071417640702
8,3141.7480363333334,3141.7480363333334,0.2734213181710902
9,3035.2810423333335,3035.2810423333335,0.27615553135280113
10,2993.746469333333,2993.746469333333,0.27891708666632914
11,2883.7369323333332,2883.7369323333332,0.28170625753299244
12,2801.9696646666666,2801.9696646666666,0.2845233201083224
13,2780.51107,2780.51107,0.2873685533094056
14,2719.52473,2719.52473,0.29024223884249967
15,2666.502835,2666.502835,0.29314466123092464
16,2607.32577,2607.32577,0.2960761078432339
17,2543.519737,2543.519737,0.29903686892166625
18,2543.519737,2543.519737,0.14951843446083313
19,2475.64636,2475.64636,0.15101361880544145
20,2406.0990403333335,2406.0990403333335,0.15252375499349588
21,2310.2018836666666,2310.2018836666666,0.15404899254343085
22,2310.2018836666666,2310.2018836666666,0.07702449627171543
23,2281.381973,2281.381973,0.07779474123443259
24,2244.7522286666667,2244.7522286666667,0.07857268864677691
25,2233.7898553333334,2233.7898553333334,0.07935841553324469
26,2207.499040333333,2207.499040333333,0.08015199968857713
27,2190.5124396666665,2190.5124396666665,0.0809535196854629
28,2177.191198,2177.191198,0.08176305488231753
29,2149.141799,2149.141799,0.08258068543114071
30,2149.141799,2149.141799,0.041290342715570354
31,2110.210039,2110.210039,0.04170324614272606
32,2092.482881666667,2092.482881666667,0.04212027860415332
33,2088.9001576666665,2088.9001576666665,0.042541481390194855
34,2078.0610386666667,2078.0610386666667,0.042966896204096806
35,2059.6692573333335,2059.6692573333335,0.043396565166137775
36,2028.0461643333333,2028.0461643333333,0.043830530817799154
37,2025.1852796666667,2025.1852796666667,0.044268836125977144
38,2016.7997233333333,2016.7997233333333,0.04471152448723691
39,2001.8171593333334,2001.8171593333334,0.04515863973210928
40,1990.9886596666668,1990.9886596666668,0.04561022612943038
41,1980.699613,1980.699613,0.046066328390724685
42,1971.2649933333332,1971.2649933333332,0.04652699167463193
43,1959.1434013333333,1959.1434013333333,0.04699226159137825
44,1947.4501036666666,1947.4501036666666,0.047462184207292035
45,1923.0199463333333,1923.0199463333333,0.047936806049364955
46,1918.2072346666666,1918.2072346666666,0.04841617410985861
47,1905.913114,1905.913114,0.0489003358509572
48,1903.8799963333333,1903.8799963333333,0.04938933920946677
49,1898.9814476666666,1898.9814476666666,0.04988323260156144
50,1891.9601093333333,1891.9601093333333,0.050382064927577054
51,1890.5469033333334,1890.5469033333334,0.05088588557685283
52,1879.5414156666666,1879.5414156666666,0.051394744432621355
53,1866.9816653333332,1866.9816653333332,0.05190869187694757
54,1861.7754423333333,1861.7754423333333,0.05242777879571705
55,1854.9888326666667,1854.9888326666667,0.05295205658367422
56,1844.125749,1844.125749,0.05348157714951096
57,1836.5897973333333,1836.5897973333333,0.05401639292100607
58,1829.9863053333333,1829.9863053333333,0.05455655685021613
59,1823.2912196666666,1823.2912196666666,0.05510212241871829
60,1820.699612,1820.699612,0.055653143642905474
61,1817.9026173333334,1817.9026173333334,0.05620967507933453
62,1810.5350503333334,1810.5350503333334,0.05677177183012788
63,1809.212066,1809.212066,0.057339489548429164
64,1806.3823593333334,1806.3823593333334,0.05791288444391345
65,1801.4342983333333,1801.4342983333333,0.05849201328835259
66,1792.5074933333333,1792.5074933333333,0.059076933421236114
67,1786.7224323333332,1786.7224323333332,0.05966770275544848
68,1782.3822583333333,1782.3822583333333,0.06026437978300296
69,1779.4403673333334,1779.4403673333334,0.06086702358083299
70,1777.8838163333332,1777.8838163333332,0.06147569381664132
71,1771.791088,1771.791088,0.062090450754807736
72,1769.3884203333334,1769.3884203333334,0.06271135526235581
73,1765.3804813333334,1765.3804813333334,0.06333846881497937
74,1758.8421343333334,1758.8421343333334,0.06397185350312916
75,1753.8168243333334,1753.8168243333334,0.06461157203816045
76,1751.430399,1751.430399,0.06525768775854206
77,1749.199032,1749.199032,0.06591026463612748
78,1747.0813163333332,1747.0813163333332,0.06656936728248876
79,1739.2528783333332,1739.2528783333332,0.06723506095531365
80,1736.993572,1736.993572,0.06790741156486678
81,1732.606822,1732.606822,0.06858648568051545
82,1730.384271,1730.384271,0.0692723505373206
83,1724.806959,1724.806959,0.06996507404269381
84,1718.8227196666667,1718.8227196666667,0.07066472478312075
85,1717.042544,1717.042544,0.07137137203095195
86,1712.870389,1712.870389,0.07208508575126148
87,1706.494232,1706.494232,0.07280593660877409
88,1704.8867026666667,1704.8867026666667,0.07353399597486183
89,1700.0013193333334,1700.0013193333334,0.07426933593461045
90,1695.8580246666668,1695.8580246666668,0.07501202929395656
91,1691.929063,1691.929063,0.07576214958689613
92,1691.1900676666667,1691.1900676666667,0.07651977108276509
93,1690.407646,1690.407646,0.07728496879359274
94,1686.6004753333334,1686.6004753333334,0.07805781848152867
95,1680.9056296666668,1680.9056296666668,0.07883839666634396
96,1679.3395096666666,1679.3395096666666,0.07962678063300739
97,1678.4983013333333,1678.4983013333333,0.08042304843933747
98,1673.8799756666667,1673.8799756666667,0.08122727892373084
99,1673.8799756666667,1673.8799756666667,0.04061363946186542
100,1671.963996,1671.963996,0.04101977585648407
101,1668.837657,1668.837657,0.041429973615048916
102,1666.0619113333332,1666.0619113333332,0.041844273351199404
103,1663.447289,1663.447289,0.042262716084711396
104,1660.572895,1660.572895,0.04268534324555851
105,1657.7739213333334,1657.7739213333334,0.043112196678014095
106,1655.0261756666666,1655.0261756666666,0.043543318644794236
107,1653.7448763333334,1653.7448763333334,0.043978751831242176
108,1650.1661656666668,1650.1661656666668,0.0444185393495546
109,1647.7645503333333,1647.7645503333333,0.04486272474305015
110,1644.5709503333333,1644.5709503333333,0.04531135199048065
111,1644.5709503333333,1644.5709503333333,0.022655675995240324
112,1640.8936106666667,1640.8936106666667,0.022882232755192727
113,1636.5636963333334,1636.5636963333334,0.023111055082744653
114,1635.460574,1635.460574,0.0233421656335721
115,1633.5927673333333,1633.5927673333333,0.023575587289907822
116,1633.5927673333333,1633.5927673333333,0.011787793644953911
117,1631.5918683333334,1631.5918683333334,0.011905671581403451
118,1630.083005,1630.083005,0.012024728297217485
119,1627.6952513333333,1627.6952513333333,0.01214497558018966
120,1625.7302713333333,1625.7302713333333,0.012266425335991557
121,1624.2802783333334,1624.2802783333334,0.012389089589351473
122,1622.1633556666666,1622.1633556666666,0.012512980485244988
123,1622.1633556666666,1622.1633556666666,0.006256490242622494
124,1619.725623,1619.725623,0.006319055145048719
125,1618.1677333333334,1618.1677333333334,0.006382245696499206
126,1617.284161,1617.284161,0.006446068153464198
127,1616.469139,1616.469139,0.00651052883499884
128,1615.3207603333333,1615.3207603333333,0.006575634123348828
129,1613.7776,1613.7776,0.006641390464582317
130,1612.388359,1612.388359,0.00670780436922814
131,1610.3144246666666,1610.3144246666666,0.006774882412920421
132,1609.898059,1609.898059,0.006842631237049626
133,1608.114879,1608.114879,0.006911057549420122
134,1606.878524,1606.878524,0.006980168124914324
135,1606.340604,1606.340604,0.007049969806163467
136,1605.292428,1605.292428,0.007120469504225102
137,1605.0802223333333,1605.0802223333333,0.007191674199267353
138,1604.0563216666667,1604.0563216666667,0.007263590941260027
139,1603.1344556666666,1603.1344556666666,0.007336226850672627
140,1602.1930343333333,1602.1930343333333,0.007409589119179353
141,1601.7491963333334,1601.7491963333334,0.007483685010371147
142,1600.8819466666666,1600.8819466666666,0.007558521860474858
143,1599.795134,1599.795134,0.007634107079079607
144,1599.003686,1599.003686,0.0077104481498704025
145,1598.0412766666666,1598.0412766666666,0.007787552631369107
146,1597.514533,1597.514533,0.007865428157682798
147,1595.676351,1595.676351,0.007944082439259627
148,1595.1403076666666,1595.1403076666666,0.008023523263652223
149,1594.7359123333333,1594.7359123333333,0.008103758496288745
150,1593.6719513333333,1593.6719513333333,0.008184796081251633
151,1593.0000673333334,1593.0000673333334,0.008266644042064149
152,1591.987655,1591.987655,0.00834931048248479
153,1591.3891496666668,1591.3891496666668,0.008432803587309638
154,1590.0165813333333,1590.0165813333333,0.008517131623182734
155,1588.7071453333333,1588.7071453333333,0.008602302939414561
156,1586.8475113333334,1586.8475113333334,0.008688325968808707
157,1586.2234033333334,1586.2234033333334,0.008775209228496793
158,1585.5398366666666,1585.5398366666666,0.008862961320781761
159,1584.7835493333334,1584.7835493333334,0.008951590933989579
160,1584.0249026666668,1584.0249026666668,0.009041106843329474
161,1582.0803583333334,1582.0803583333334,0.009131517911762768
162,1581.2223163333333,1581.2223163333333,0.009222833090880397
163,1580.5064613333334,1580.5064613333334,0.0093150614217892
164,1577.8453196666667,1577.8453196666667,0.009408212036007092
165,1576.270004,1576.270004,0.009502294156367164
166,1575.9262633333333,1575.9262633333333,0.009597317097930835
167,1574.5416963333332,1574.5416963333332,0.009693290268910143
168,1574.2882136666667,1574.2882136666667,0.009790223171599244
169,1573.126242,1573.126242,0.009888125403315236
170,1572.9067596666666,1572.9067596666666,0.009987006657348389
171,1571.677718,1571.677718,0.010086876723921874
172,1571.2787283333332,1571.2787283333332,0.010187745491161092
173,1570.174564,1570.174564,0.010289622946072703
174,1569.3847033333334,1569.3847033333334,0.01039251917553343
175,1568.7661163333332,1568.7661163333332,0.010496444367288764
176,1567.971697,1567.971697,0.010601408810961652
177,1567.5308506666668,1567.5308506666668,0.010707422899071268
178,1566.6487183333334,1566.6487183333334,0.01081449712806198
179,1566.3305533333332,1566.3305533333332,0.0109226420993426
180,1565.58255,1565.58255,0.011031868520336026
181,1564.2245116666666,1564.2245116666666,0.011142187205539387
182,1563.088017,1563.088017,0.01125360907759478
183,1561.2424676666667,1561.2424676666667,0.011366145168370728
184,1561.0082546666667,1561.0082546666667,0.011479806620054435
185,1560.0264156666667,1560.0264156666667,0.01159460468625498
186,1559.261002,1559.261002,0.01171055073311753
187,1557.5236946666666,1557.5236946666666,0.011827656240448705
188,1557.4482546666666,1557.4482546666666,0.011945932802853191
189,1555.9678476666666,1555.9678476666666,0.012065392130881723
190,1555.459432,1555.459432,0.01218604605219054
191,1555.304592,1555.304592,0.012307906512712446
192,1554.5297216666668,1554.5297216666668,0.01243098557783957
193,1554.377204,1554.377204,0.012555295433617965
194,1553.4471456666668,1553.4471456666668,0.012680848387954146
195,1552.2454816666666,1552.2454816666666,0.012807656871833687
196,1551.2141523333332,1551.2141523333332,0.012935733440552025
197,1551.0051256666666,1551.0051256666666,0.013065090774957546
198,1550.325127,1550.325127,0.013195741682707122
199,1549.627153,1549.627153,0.013327699099534194
200,1548.5134343333334,1548.5134343333334,0.013460976090529535
201,1547.642852,1547.642852,0.013595585851434831
202,1546.82083,1546.82083,0.01373154170994918
203,1546.2023066666666,1546.2023066666666,0.01386885712704867
204,1544.6994446666667,1544.6994446666667,0.014007545698319157
205,1544.6994446666667,1544.6994446666667,0.007003772849159579
206,1543.413236,1543.413236,0.007073810577651175
207,1543.1082606666666,1543.1082606666666,0.0071445486834276865
208,1542.299832,1542.299832,0.007215994170261963
209,1541.4806576666667,1541.4806576666667,0.007288154111964583
210,1541.149305,1541.149305,0.007361035653084229
211,1540.6048283333334,1540.6048283333334,0.007434646009615071
212,1539.9792696666666,1539.9792696666666,0.007508992469711222
213,1539.400907,1539.400907,0.007584082394408335
214,1538.8864176666666,1538.8864176666666,0.0076599232183524185
215,1537.486203,1537.486203,0.007736522450535943
216,1536.3554476666666,1536.3554476666666,0.007813887675041303
217,1536.0941706666667,1536.0941706666667,0.007892026551791716
218,1535.682634,1535.682634,0.007970946817309634
219,1535.2535243333334,1535.2535243333334,0.008050656285482731
220,1534.57778,1534.57778,0.008131162848337559
221,1533.9821153333332,1533.9821153333332,0.008212474476820934
222,1533.2396913333334,1533.2396913333334,0.008294599221589144
223,1532.6068483333333,1532.6068483333333,0.008377545213805036
224,1532.1668316666667,1532.1668316666667,0.008461320665943087
225,1531.7313633333333,1531.7313633333333,0.008545933872602518
226,1530.684178,1530.684178,0.008631393211328544
227,1530.217722,1530.217722,0.00871770714344183
228,1529.761029,1529.761029,0.008804884214876248
229,1529.0646923333334,1529.0646923333334,0.00889293305702501
230,1527.9948363333333,1527.9948363333333,0.00898186238759526
231,1527.9948363333333,1527.9948363333333,0.00449093119379763
232,1527.3541193333333,1527.3541193333333,0.004535840505735606
233,1526.9983566666667,1526.9983566666667,0.004581198910792963
234,1526.3480836666668,1526.3480836666668,0.0046270108999008925
235,1525.4921396666666,1525.4921396666666,0.004673281008899901
236,1524.6029913333334,1524.6029913333334,0.0047200138189889005
237,1523.7122403333333,1523.7122403333333,0.0047672139571787895
238,1522.8487756666666,1522.8487756666666,0.004814886096750577
239,1521.9065636666667,1521.9065636666667,0.004863034957718083
240,1521.75396,1521.75396,0.004911665307295264
241,1520.60564,1520.60564,0.004960781960368216
242,1520.270537,1520.270537,0.005010389779971898
243,1519.851922,1519.851922,0.005060493677771618
244,1519.6266986666667,1519.6266986666667,0.005111098614549334
245,1518.3019433333334,1518.3019433333334,0.005162209600694827
246,1517.7739983333333,1517.7739983333333,0.005213831696701776
247,1517.252102,1517.252102,0.0052659700136687936
248,1516.863457,1516.863457,0.005318629713805482
249,1516.2744606666668,1516.2744606666668,0.005371816010943537
250,1515.4770473333333,1515.4770473333333,0.005425534171052972
251,1515.1747796666666,1515.1747796666666,0.005479789512763502
252,1514.3345806666666,1514.3345806666666,0.005534587407891137
253,1514.1406853333333,1514.1406853333333,0.005589933281970049
254,1513.5517783333332,1513.5517783333332,0.005645832614789749
255,1512.6341256666667,1512.6341256666667,0.005702290940937647
256,1511.8942696666666,1511.8942696666666,0.005759313850347023
257,1510.7743253333333,1510.7743253333333,0.005816906988850493
258,1510.443131,1510.443131,0.005875076058738998
259,1509.8351056666668,1509.8351056666668,0.005933826819326388
260,1508.84327,1508.84327,0.005993165087519651
261,1508.064309,1508.064309,0.006053096738394848
262,1506.844987,1506.844987,0.0061136277057787965
263,1506.1212043333333,1506.1212043333333,0.0061747639828365845
264,1505.7332656666667,1505.7332656666667,0.00623651162266495
265,1505.1198783333334,1505.1198783333334,0.0062988767388916
266,1504.6859436666666,1504.6859436666666,0.006361865506280516
267,1504.105256,1504.105256,0.006425484161343321
268,1503.5000803333332,1503.5000803333332,0.006489739002956754
269,1502.5633636666666,1502.5633636666666,0.006554636392986321
270,1501.7077023333334,1501.7077023333334,0.006620182756916185
271,1500.9503243333334,1500.9503243333334,0.0066863845844853465
272,1500.3028243333333,1500.3028243333333,0.0067532484303302
273,1500.1629183333334,1500.1629183333334,0.006820780914633502
274,1498.813376,1498.813376,0.006888988723779837
275,1498.735608,1498.735608,0.006957878611017636
276,1497.3630493333333,1497.3630493333333,0.007027457397127812
277,1496.8879083333334,1496.8879083333334,0.00709773197109909
278,1496.501429,1496.501429,0.007168709290810081
279,1495.361142,1495.361142,0.007240396383718182
280,1494.6532146666666,1494.6532146666666,0.007312800347555363
281,1493.6501543333334,1493.6501543333334,0.007385928351030917
282,1493.3139763333334,1493.3139763333334,0.007459787634541226
283,1492.825546,1492.825546,0.007534385510886638
284,1492.2701036666667,1492.2701036666667,0.007609729365995505
285,1491.6463823333333,1491.6463823333333,0.00768582665965546
286,1491.6071386666667,1491.6071386666667,0.007762684926252015
287,1490.644433,1490.644433,0.007840311775514535
288,1489.6488313333334,1489.6488313333334,0.00791871489326968
289,1489.143104,1489.143104,0.007997902042202378
290,1488.6621516666667,1488.6621516666667,0.008077881062624402
291,1488.3289286666666,1488.3289286666666,0.008158659873250646
292,1487.2231173333332,1487.2231173333332,0.008240246471983152
293,1486.0547843333334,1486.0547843333334,0.008322648936702983
294,1485.4988103333333,1485.4988103333333,0.008405875426070013
295,1484.9918246666666,1484.9918246666666,0.008489934180330713
296,1484.5308636666666,1484.5308636666666,0.00857483352213402
297,1483.604923,1483.604923,0.00866058185735536
298,1483.380067,1483.380067,0.008747187675928915
299,1482.6653126666668,1482.6653126666668,0.008834659552688204
300,1482.2022043333334,1482.2022043333334,0.008923006148215087
301,1481.195425,1481.195425,0.009012236209697237
302,1480.4775216666667,1480.4775216666667,0.009102358571794209
303,1479.9359773333333,1479.9359773333333,0.00919338215751215
304,1478.880119,1478.880119,0.009285315979087272
305,1478.6503396666667,1478.6503396666667,0.009378169138878146
306,1477.489637,1477.489637,0.009471950830266926
307,1477.156103,1477.156103,0.009566670338569595
308,1475.9515296666666,1475.9515296666666,0.009662337041955292
309,1475.5821753333332,1475.5821753333332,0.009758960412374845
310,1475.014916,1475.014916,0.009856550016498593
311,1473.7554236666667,1473.7554236666667,0.009955115516663579
312,1473.0684936666667,1473.0684936666667,0.010054666671830215
313,1471.9108426666667,1471.9108426666667,0.010155213338548517
314,1471.518348,1471.518348,0.010256765471934002
315,1471.1757826666667,1471.1757826666667,0.010359333126653342
316,1470.907777,1470.907777,0.010462926457919876
317,1470.12071,1470.12071,0.010567555722499076
318,1469.1118363333333,1469.1118363333333,0.010673231279724067
319,1468.0633396666667,1468.0633396666667,0.010779963592521308
320,1468.0030546666667,1468.0030546666667,0.010887763228446522
321,1467.711513,1467.711513,0.010996640860730987
322,1467.073027,1467.073027,0.011106607269338297
323,1466.311824,1466.311824,0.01121767334203168
324,1465.816733,1465.816733,0.011329850075451996
325,1464.8952683333334,1464.8952683333334,0.011443148576206517
326,1464.405053,1464.405053,0.011557580061968583
327,1463.153545,1463.153545,0.01167315586258827
328,1462.9032,1462.9032,0.011789887421214153
329,1462.0290776666666,1462.0290776666666,0.011907786295426295
330,1460.4952783333333,1460.4952783333333,0.012026864158380557
331,1460.396483,1460.396483,0.012147132799964362
332,1459.800666,1459.800666,0.012268604127964006
333,1459.69399,1459.69399,0.012391290169243646
334,1459.035789,1459.035789,0.012515203070936082
335,1458.7334413333333,1458.7334413333333,0.012640355101645443
336,1458.257314,1458.257314,0.012766758652661898
337,1457.4850473333333,1457.4850473333333,0.012894426239188517
338,1457.0446376666666,1457.0446376666666,0.013023370501580402
339,1456.249331,1456.249331,0.013153604206596206
340,1456.1298933333333,1456.1298933333333,0.013285140248662168
341,1455.216124,1455.216124,0.01341799165114879
342,1454.574115,1454.574115,0.013552171567660278
343,1454.387495,1454.387495,0.01368769328333688
344,1454.199679,1454.199679,0.01382457021617025
345,1453.1209483333334,1453.1209483333334,0.013962815918331952
346,1452.9941943333333,1452.9941943333333,0.014102444077515272
347,1452.2561856666666,1452.2561856666666,0.014243468518290425
348,1450.9496246666668,1450.9496246666668,0.014385903203473329
349,1450.6109646666666,1450.6109646666666,0.014529762235508063
350,1449.556841,1449.556841,0.014675059857863144
351,1449.474948,1449.474948,0.014821810456441776
352,1449.0709193333332,1449.0709193333332,0.014970028561006194
353,1446.9698106666667,1446.9698106666667,0.015119728846616257
354,1446.943702,1446.943702,0.01527092613508242
355,1445.5401683333334,1445.5401683333334,0.015423635396433244
356,1444.580808,1444.580808,0.015577871750397576
357,1443.7784846666666,1443.7784846666666,0.015733650467901553
358,1442.2393576666666,1442.2393576666666,0.015890986972580567
359,1441.5290766666667,1441.5290766666667,0.016049896842306375
360,1441.3007513333334,1441.3007513333334,0.016210395810729437
361,1440.289903,1440.289903,0.016372499768836733
362,1439.7743013333334,1439.7743013333334,0.0165362247665251
363,1438.67371,1438.67371,0.01670158701419035
364,1438.4599206666667,1438.4599206666667,0.016868602884332253
365,1437.6734733333333,1437.6734733333333,0.017037288913175574
366,1436.0414893333334,1436.0414893333334,0.01720766180230733
367,1435.6215746666667,1435.6215746666667,0.017379738420330405
368,1433.2850386666667,1433.2850386666667,0.01755353580453371
369,1433.0072656666666,1433.0072656666666,0.017729071162579046
370,1433.0072656666666,1433.0072656666666,0.008864535581289523
371,1432.1067526666666,1432.1067526666666,0.008953180937102418
372,1431.2419353333332,1431.2419353333332,0.009042712746473442
373,1430.8590746666666,1430.8590746666666,0.009133139873938175
374,1429.8451033333333,1429.8451033333333,0.009224471272677557
375,1428.6832396666666,1428.6832396666666,0.009316715985404333
376,1428.488221,1428.488221,0.009409883145258376
377,1428.0613173333334,1428.0613173333334,0.00950398197671096
378,1427.8460686666667,1427.8460686666667,0.00959902179647807
379,1427.550725,1427.550725,0.00969501201444285
380,1426.6612883333332,1426.6612883333332,0.00979196213458728
381,1426.6546373333333,1426.6546373333333,0.009889881755933153
382,1425.8660903333334,1425.8660903333334,0.009988780573492484
383,1424.810247,1424.810247,0.010088668379227408
384,1424.1284493333333,1424.1284493333333,0.010189555063019683
385,1423.6128613333333,1423.6128613333333,0.01029145061364988
386,1422.3817066666666,1422.3817066666666,0.010394365119786378
387,1421.8706563333333,1421.8706563333333,0.010498308770984241
388,1421.698258,1421.698258,0.010603291858694084
389,1420.234548,1420.234548,0.010709324777281025
390,1419.8735703333334,1419.8735703333334,0.010816418025053835
391,1418.4644713333332,1418.4644713333332,0.010924582205304373
392,1417.8460923333334,1417.8460923333334,0.011033828027357417
393,1417.342263,1417.342263,0.011144166307630992
394,1416.6577513333334,1416.6577513333334,0.011255607970707302
395,1416.272144,1416.272144,0.011368164050414374
396,1416.0174456666666,1416.0174456666666,0.011481845690918518
397,1415.640357,1415.640357,0.011596664147827703
398,1414.790038,1414.790038,0.01171263078930598
399,1414.0678906666667,1414.0678906666667,0.01182975709719904
400,1413.787626,1413.787626,0.01194805466817103
401,1413.5286566666666,1413.5286566666666,0.01206753521485274
402,1412.4151613333333,1412.4151613333333,0.012188210567001269
403,1412.4151613333333,1412.4151613333333,0.006094105283500634
404,1411.8673023333333,1411.8673023333333,0.006155046336335641
405,1411.642842,1411.642842,0.006216596799698998
406,1411.287511,1411.287511,0.006278762767695988
407,1410.8990433333333,1410.8990433333333,0.0063415503953729475
408,1410.3396506666666,1410.3396506666666,0.006404965899326677
409,1410.1286693333334,1410.1286693333334,0.006469015558319944
410,1409.4422726666667,1409.4422726666667,0.006533705713903143
411,1409.2364196666667,1409.2364196666667,0.006599042771042175
412,1408.598464,1408.598464,0.006665033198752597
413,1407.244116,1407.244116,0.0067316835307401224
414,1407.1108763333334,1407.1108763333334,0.006799000366047523
415,1406.492451,1406.492451,0.0068669903697079985
416,1406.3085976666666,1406.3085976666666,0.006935660273405079
417,1405.7730216666666,1405.7730216666666,0.007005016876139129
418,1405.543395,1405.543395,0.007075067044900521
419,1404.8801103333333,1404.8801103333333,0.007145817715349526
420,1403.9266333333333,1403.9266333333333,0.007217275892503021
421,1403.6239026666667,1403.6239026666667,0.007289448651428051
422,1403.5016876666666,1403.5016876666666,0.0073623431379423315
423,1403.230098,1403.230098,0.007435966569321755
424,1402.3437163333333,1402.3437163333333,0.007510326235014973
425,1402.1689043333333,1402.1689043333333,0.0075854294973651225
426,1401.7415763333333,1401.7415763333333,0.007661283792338774
427,1400.955433,1400.955433,0.007737896630262162
428,1398.711911,1398.711911,0.007815275596564784
429,1398.599209,1398.599209,0.007893428352530431
430,1398.3172356666666,1398.3172356666666,0.007972362636055736
431,1398.0970013333333,1398.0970013333333,0.008052086262416294
432,1397.8255016666667,1397.8255016666667,0.008132607125040457
433,1397.1525053333332,1397.1525053333332,0.008213933196290862
434,1396.5267733333333,1396.5267733333333,0.00829607252825377
435,1396.318472,1396.318472,0.008379033253536308
436,1395.643064,1395.643064,0.00846282358607167
437,1395.208917,1395.208917,0.008547451821932386
438,1394.9057786666667,1394.9057786666667,0.00863292634015171
439,1394.276843,1394.276843,0.008719255603553227
440,1393.5362406666666,1393.5362406666666,0.008806448159588759
441,1393.3104303333334,1393.3104303333334,0.008894512641184646
442,1392.660283,1392.660283,0.008983457767596492
443,1392.130264,1392.130264,0.009073292345272457
444,1391.1745326666667,1391.1745326666667,0.009164025268725182
445,1390.3542876666668,1390.3542876666668,0.009255665521412434
446,1389.5665303333333,1389.5665303333333,0.009348222176626559
447,1389.0635913333333,1389.0635913333333,0.009441704398392824
448,1388.807762,1388.807762,0.009536121442376753
449,1388.2728393333334,1388.2728393333334,0.00963148265680052
450,1387.8469713333334,1387.8469713333334,0.009727797483368526
451,1387.0203116666667,1387.0203116666667,0.009825075458202211
452,1386.749875,1386.749875,0.009923326212784234
453,1386.0528593333333,1386.0528593333333,0.010022559474912077
454,1385.5982146666668,1385.5982146666668,0.010122785069661197
455,1385.36105,1385.36105,0.01022401292035781
456,1383.2667536666668,1383.2667536666668,0.010326253049561388
457,1382.984882,1382.984882,0.010429515580057003
458,1382.2617053333333,1382.2617053333333,0.010533810735857572
459,1380.7988703333333,1380.7988703333333,0.010639148843216147
460,1380.7488786666668,1380.7488786666668,0.010745540331648309
461,1380.2824563333334,1380.2824563333334,0.010852995734964793
462,1379.6122596666667,1379.6122596666667,0.010961525692314442
463,1379.225919,1379.225919,0.011071140949237586
464,1378.853555,1378.853555,0.011181852358729961
465,1378.553469,1378.553469,0.011293670882317261
466,1377.7080126666667,1377.7080126666667,0.011406607591140434
467,1376.693985,1376.693985,0.01152067366705184
468,1376.3814586666667,1376.3814586666667,0.011635880403722357
469,1375.695506,1375.695506,0.011752239207759582
470,1375.462712,1375.462712,0.011869761599837178
471,1374.600965,1374.600965,0.011988459215835549
472,1374.056164,1374.056164,0.012108343807993905
473,1373.3736773333333,1373.3736773333333,0.012229427246073845
474,1372.6157503333334,1372.6157503333334,0.012351721518534583
475,1372.0236776666666,1372.0236776666666,0.012475238733719928
476,1371.7353263333334,1371.7353263333334,0.012599991121057127
477,1371.475244,1371.475244,0.0127259910322677
478,1370.8567733333334,1370.8567733333334,0.012853250942590377
479,1370.7108863333333,1370.7108863333333,0.01298178345201628
480,1370.0661693333334,1370.0661693333334,0.013111601286536443
481,1369.9558276666667,1369.9558276666667,0.013242717299401807
482,1369.046704,1369.046704,0.013375144472395824
483,1368.37528,1368.37528,0.013508895917119783
484,1368.3459816666666,1368.3459816666666,0.01364398487629098
485,1367.9251206666668,1367.9251206666668,0.01378042472505389
486,1367.5989013333333,1367.5989013333333,0.01391822897230443
487,1367.0247696666668,1367.0247696666668,0.014057411262027473
488,1366.4457156666667,1366.4457156666667,0.014197985374647748
489,1366.1922543333333,1366.1922543333333,0.014339965228394227
490,1366.063111,1366.063111,0.01448336488067817
491,1365.4237663333333,1365.4237663333333,0.014628198529484951
492,1365.2582053333333,1365.2582053333333,0.0147744805147798
493,1364.6685613333334,1364.6685613333334,0.014922225319927597
494,1363.7096686666666,1363.7096686666666,0.015071447573126874
495,1362.6531183333334,1362.6531183333334,0.015222162048858142
496,1362.6531183333334,1362.6531183333334,0.007611081024429071
497,1362.4273913333334,1362.4273913333334,0.007687191834673362
498,1361.9051026666666,1361.9051026666666,0.007764063753020096
499,1361.333734,1361.333734,0.007841704390550297
500,1361.315541,1361.315541,0.0079201214344558
501,1360.9179696666667,1360.9179696666667,0.007999322648800359
502,1360.0709336666666,1360.0709336666666,0.008079315875288363
503,1359.9102213333333,1359.9102213333333,0.008160109034041246
504,1358.988518,1358.988518,0.008241710124381659
505,1358.9088016666667,1358.9088016666667,0.008324127225625476
506,1358.6938886666667,1358.6938886666667,0.00840736849788173
507,1358.0613343333334,1358.0613343333334,0.008491442182860548
508,1357.334063,1357.334063,0.008576356604689153
509,1356.349521,1356.349521,0.008662120170736044
510,1355.275013,1355.275013,0.008748741372443405
511,1354.57248,1354.57248,0.008836228786167839
512,1354.0914663333333,1354.0914663333333,0.008924591074029518
513,1353.7535626666668,1353.7535626666668,0.009013836984769813
514,1353.3324183333334,1353.3324183333334,0.009103975354617511
515,1352.906141,1352.906141,0.009195015108163685
516,1352.2638033333333,1352.2638033333333,0.009286965259245323
517,1351.9276783333332,1351.9276783333332,0.009379834911837776
518,1351.3762923333334,1351.3762923333334,0.009473633260956153
519,1351.2805303333334,1351.2805303333334,0.009568369593565714
520,1350.8259826666667,1350.8259826666667,0.009664053289501371
521,1350.016617,1350.016617,0.009760693822396384
522,1349.7256823333332,1349.7256823333332,0.009858300760620348
523,1349.5177536666667,1349.5177536666667,0.009956883768226552
524,1348.6121506666666,1348.6121506666666,0.010056452605908817
525,1347.7808303333334,1347.7808303333334,0.010157017131967904
526,1346.9465926666667,1346.9465926666667,0.010258587303287584
527,1346.70331,1346.70331,0.01036117317632046
528,1345.626836,1345.626836,0.010464784908083663
529,1345.352722,1345.352722,0.0105694327571645
530,1345.352722,1345.352722,0.00528471637858225
531,1344.8557316666668,1344.8557316666668,0.005337563542368072
532,1344.8557316666668,1344.8557316666668,0.002668781771184036
533,1344.5764566666667,1344.5764566666667,0.0026954695888958768
534,1344.21643,1344.21643,0.0027224242847848357
535,1344.06334,1344.06334,0.002749648527632684
536,1343.86371,1343.86371,0.002777145012909011
537,1343.6582476666667,1343.6582476666667,0.002804916463038101
538,1343.4089426666667,1343.4089426666667,0.002832965627668482
539,1343.2680696666666,1343.2680696666666,0.002861295283945167
540,1342.8722833333334,1342.8722833333334,0.002889908236784619
541,1342.786756,1342.786756,0.002918807319152465
542,1342.421745,1342.421745,0.00294799539234399
543,1342.1107913333333,1342.1107913333333,0.00297747534626743
544,1341.6523786666667,1341.6523786666667,0.0030072500997301043
545,1341.2907153333333,1341.2907153333333,0.0030373226007274056
546,1340.8928713333332,1340.8928713333332,0.00306769582673468
547,1340.758912,1340.758912,0.0030983727850020268
548,1339.9066406666666,1339.9066406666666,0.003129356512852047
549,1339.580523,1339.580523,0.0031606500779805674
550,1339.4287346666667,1339.4287346666667,0.003192256578760373
551,1339.2145336666667,1339.2145336666667,0.0032241791445479766
552,1338.8591373333334,1338.8591373333334,0.0032564209359934562
553,1338.3957536666667,1338.3957536666667,0.0032889851453533907
554,1337.7650663333334,1337.7650663333334,0.0033218749968069246
555,1337.5366876666667,1337.5366876666667,0.003355093746774994
556,1337.2773696666666,1337.2773696666666,0.0033886446842427437
557,1337.0619143333333,1337.0619143333333,0.0034225311310851713
558,1336.9811883333334,1336.9811883333334,0.003456756442396023
559,1336.5382936666667,1336.5382936666667,0.0034913240068199835
560,1336.1882316666668,1336.1882316666668,0.0035262372468881833
561,1335.918207,1335.918207,0.0035614996193570653
562,1335.785107,1335.785107,0.003597114615550636
563,1335.1868643333332,1335.1868643333332,0.003633085761706142
564,1334.879516,1334.879516,0.0036694166193232034
565,1334.717228,1334.717228,0.0037061107855164356
566,1334.559563,1334.559563,0.0037431718933716002
567,1334.3736273333334,1334.3736273333334,0.0037806036123053163
568,1333.9385453333334,1333.9385453333334,0.0038184096484283696
569,1333.790623,1333.790623,0.0038565937449126534
570,1333.1821606666667,1333.1821606666667,0.00389515968236178
571,1333.0683353333334,1333.0683353333334,0.003934111279185398
572,1332.989827,1332.989827,0.003973452391977252
573,1332.850569,1332.850569,0.004013186915897024
574,1332.4173826666668,1332.4173826666668,0.004053318785055994
575,1332.187197,1332.187197,0.004093851972906555
576,1332.174017,1332.174017,0.00413479049263562
577,1331.7777956666666,1331.7777956666666,0.004176138397561976
578,1331.51314,1331.51314,0.004217899781537596
579,1331.1176603333333,1331.1176603333333,0.0042600787793529715
580,1330.6692293333333,1330.6692293333333,0.004302679567146501
581,1330.639817,1330.639817,0.004345706362817966
582,1330.34561,1330.34561,0.0043891634264461455
583,1330.0791456666666,1330.0791456666666,0.004433055060710607
584,1329.8880753333333,1329.8880753333333,0.004477385611317713
585,1329.6470193333334,1329.6470193333334,0.00452215946743089
586,1329.4269826666666,1329.4269826666666,0.004567381062105199
587,1329.0159076666666,1329.0159076666666,0.004613054872726251
588,1328.5320933333333,1328.5320933333333,0.004659185421453513
589,1327.988691,1327.988691,0.004705777275668049
590,1327.9505573333333,1327.9505573333333,0.004752835048424729
591,1327.5914166666666,1327.5914166666666,0.004800363398908976
592,1327.2146373333333,1327.2146373333333,0.004848367032898066
593,1326.9862966666667,1326.9862966666667,0.004896850703227047
594,1326.830969,1326.830969,0.0049458192102593175
595,1326.5540486666666,1326.5540486666666,0.0049952774023619105
596,1326.212459,1326.212459,0.00504523017638553
597,1326.0590096666667,1326.0590096666667,0.005095682478149385
598,1325.558541,1325.558541,0.005146639302930879
599,1325.412927,1325.412927,0.005198105695960188
600,1325.1020273333334,1325.1020273333334,0.005250086752919789
601,1324.8918273333334,1324.8918273333334,0.005302587620448987
602,1324.6992876666666,1324.6992876666666,0.005355613496653477
603,1324.403143,1324.403143,0.0054091696316200125
604,1324.0204283333333,1324.0204283333333,0.0054632613279362125
605,1323.756944,1323.756944,0.0055178939412155745
606,1323.3397973333333,1323.3397973333333,0.0055730728806277306
607,1323.1880873333334,1323.1880873333334,0.0056288036094340075
608,1322.764419,1322.764419,0.0056850916455283475
609,1322.4110356666667,1322.4110356666667,0.005741942561983631
610,1322.2452636666667,1322.2452636666667,0.005799361987603468
611,1321.8639006666667,1321.8639006666667,0.005857355607479503
612,1321.751015,1321.751015,0.005915929163554298
613,1321.5673176666667,1321.5673176666667,0.0059750884551898415
614,1321.2030513333334,1321.2030513333334,0.00603483933974174
615,1321.0814396666667,1321.0814396666667,0.006095187733139157
616,1320.920142,1320.920142,0.006156139610470549
617,1320.5103203333333,1320.5103203333333,0.006217701006575254
618,1320.3222806666668,1320.3222806666668,0.006279878016641007
619,1320.1317986666666,1320.1317986666666,0.006342676796807417
620,1319.595131,1319.595131,0.006406103564775492
621,1319.442121,1319.442121,0.006470164600423247
622,1319.2527286666666,1319.2527286666666,0.006534866246427479
623,1318.9419676666666,1318.9419676666666,0.0066002149088917545
624,1318.7079076666666,1318.7079076666666,0.006666217057980672
625,1318.4946376666667,1318.4946376666667,0.0067328792285604785
626,1318.4072783333334,1318.4072783333334,0.006800208020846083
627,1317.7758613333333,1317.7758613333333,0.006868210101054544
628,1317.2233176666666,1317.2233176666666,0.0069368922020650895
629,1317.192454,1317.192454,0.0070062611240857406
630,1316.6776103333334,1316.6776103333334,0.007076323735326598
631,1316.204557,1316.204557,0.007147086972679864
632,1316.0860443333333,1316.0860443333333,0.007218557842406663
633,1315.733724,1315.733724,0.00729074342083073
634,1315.4601083333334,1315.4601083333334,0.007363650855039037
635,1315.3173893333333,1315.3173893333333,0.0074372873635894276
636,1315.1529286666666,1315.1529286666666,0.007511660237225322
637,1314.8320463333334,1314.8320463333334,0.007586776839597575
638,1314.8256743333334,1314.8256743333334,0.007662644607993551
639,1314.2700513333334,1314.2700513333334,0.007739271054073487
640,1314.2700513333334,1314.2700513333334,0.0038696355270367434
641,1314.1037423333332,1314.1037423333332,0.003908331882307111
642,1313.7967836666667,1313.7967836666667,0.003947415201130182
643,1313.73649,1313.73649,0.003986889353141484
644,1313.497558,1313.497558,0.004026758246672899
645,1313.3123123333332,1313.3123123333332,0.004067025829139629
646,1313.0202636666668,1313.0202636666668,0.004107696087431025
647,1312.852976,1312.852976,0.004148773048305335
648,1312.4548353333332,1312.4548353333332,0.004190260778788388
649,1310.8359313333333,1310.8359313333333,0.0042321633865762725
650,1310.5885486666666,1310.5885486666666,0.004274485020442035
651,1310.0867263333334,1310.0867263333334,0.004317229870646456
652,1309.6899073333334,1309.6899073333334,0.00436040216935292
653,1309.2402256666667,1309.2402256666667,0.004404006191046449
654,1309.070106,1309.070106,0.004448046252956913
655,1308.9815476666668,1308.9815476666668,0.004492526715486482
656,1308.430667,1308.430667,0.004537451982641346
657,1308.2437653333334,1308.2437653333334,0.00458282650246776
658,1307.9701856666666,1307.9701856666666,0.004628654767492438
659,1307.7216803333333,1307.7216803333333,0.004674941315167362
660,1307.0994036666666,1307.0994036666666,0.004721690728319036
661,1307.094788,1307.094788,0.004768907635602226
662,1306.7348853333333,1306.7348853333333,0.004816596711958249
663,1306.1757596666666,1306.1757596666666,0.004864762679077831
664,1306.0758476666667,1306.0758476666667,0.00491341030586861
665,1305.5697366666666,1305.5697366666666,0.004962544408927296
666,1305.288947,1305.288947,0.005012169853016569
667,1305.2858433333333,1305.2858433333333,0.0050622915515467345
668,1304.9469896666667,1304.9469896666667,0.005112914467062202
669,1304.8591456666666,1304.8591456666666,0.005164043611732824
670,1304.6355583333334,1304.6355583333334,0.005215684047850153
671,1304.5331166666667,1304.5331166666667,0.005267840888328654
672,1304.0641533333333,1304.0641533333333,0.00532051929721194
673,1303.6806386666667,1303.6806386666667,0.00537372449018406
674,1303.474432,1303.474432,0.005427461735085901
675,1303.185465,1303.185465,0.0054817363524367595
676,1302.9068826666667,1302.9068826666667,0.005536553715961127
677,1302.6867413333334,1302.6867413333334,0.005591919253120738
678,1302.283698,1302.283698,0.0056478384456519455
679,1301.9486686666667,1301.9486686666667,0.005704316830108465
680,1301.7965993333332,1301.7965993333332,0.005761359998409549
681,1301.2570696666667,1301.2570696666667,0.005818973598393644
682,1301.1858406666668,1301.1858406666668,0.005877163334377581
683,1300.6785513333334,1300.6785513333334,0.0059359349677213565
684,1300.5580023333334,1300.5580023333334,0.00599529431739857
685,1300.2497786666668,1300.2497786666668,0.006055247260572555
686,1300.060186,1300.060186,0.006115799733178281
687,1299.5906746666667,1299.5906746666667,0.006176957730510064
688,1299.5906746666667,1299.5906746666667,0.003088478865255032
689,1299.178958,1299.178958,0.0031193636539075826
690,1299.1768583333333,1299.1768583333333,0.0031505572904466585
691,1298.5681646666667,1298.5681646666667,0.0031820628633511252
692,1298.3610926666668,1298.3610926666668,0.0032138834919846365
693,1298.1848866666667,1298.1848866666667,0.003246022326904483
694,1297.9726666666666,1297.9726666666666,0.003278482550173528
695,1297.7883443333333,1297.7883443333333,0.003311267375675263
696,1297.3246243333333,1297.3246243333333,0.003344380049432016
697,1297.1715076666667,1297.1715076666667,0.003377823849926336
698,1296.9383276666667,1296.9383276666667,0.0034116020884255994
699,1296.443826,1296.443826,0.0034457181093098554
700,1296.3227686666667,1296.3227686666667,0.003480175290402954
701,1296.066548,1296.066548,0.0035149770433069837
702,1295.9797466666666,1295.9797466666666,0.0035501268137400534
703,1295.843299,1295.843299,0.003585628081877454
704,1295.766735,1295.766735,0.0036214843626962284
705,1295.5626776666666,1295.5626776666666,0.0036576992063231907
706,1295.4756593333334,1295.4756593333334,0.0036942761983864226
707,1295.3462143333334,1295.3462143333334,0.003731218960370287
708,1294.9006173333332,1294.9006173333332,0.0037685311499739897
709,1294.3500766666666,1294.3500766666666,0.0038062164614737297
710,1293.9866793333333,1293.9866793333333,0.003844278626088467
711,1293.6684733333334,1293.6684733333334,0.0038827214123493517
712,1293.3225053333333,1293.3225053333333,0.003921548626472845
713,1293.230067,1293.230067,0.003960764112737574
714,1293.079089,1293.079089,0.00400037175386495
715,1293.034581,1293.034581,0.004040375471403599
716,1292.871327,1292.871327,0.004080779226117635
717,1292.603806,1292.603806,0.004121587018378811
718,1292.4654876666666,1292.4654876666666,0.0041628028885625995
719,1292.2404216666666,1292.2404216666666,0.004204430917448225
720,1292.0714263333334,1292.0714263333334,0.004246475226622708
721,1291.7675633333333,1291.7675633333333,0.0042889399788889355
722,1291.500942,1291.500942,0.004331829378677825
723,1290.5894716666667,1290.5894716666667,0.004375147672464603
724,1290.5894716666667,1290.5894716666667,0.0021875738362323017
725,1290.5066856666667,1290.5066856666667,0.0022094495745946245
726,1290.3036626666667,1290.3036626666667,0.002231544070340571
727,1290.02364,1290.02364,0.0022538595110439767
728,1289.8288386666666,1289.8288386666666,0.0022763981061544166
729,1289.5532786666668,1289.5532786666668,0.002299162087215961
730,1289.3884073333334,1289.3884073333334,0.0023221537080881207
731,1289.3167656666667,1289.3167656666667,0.002345375245169002
732,1289.092012,1289.092012,0.002368828997620692
733,1288.8237866666666,1288.8237866666666,0.0023925172875968992
734,1288.7649793333333,1288.7649793333333,0.002416442460472868
735,1288.5775266666667,1288.5775266666667,0.002440606885077597
736,1288.422632,1288.422632,0.002465012953928373
737,1288.0442963333333,1288.0442963333333,0.0024896630834676564
738,1287.97205,1287.97205,0.002514559714302333
739,1287.9504943333334,1287.9504943333334,0.0025397053114453562
740,1287.9168826666667,1287.9168826666667,0.00256510236455981
741,1287.6099686666666,1287.6099686666666,0.0025907533882054083
742,1287.5125703333333,1287.5125703333333,0.002616660922087462
743,1287.359906,1287.359906,0.0026428275313083367
744,1287.2834296666667,1287.2834296666667,0.00266925580662142
745,1287.1747223333334,1287.1747223333334,0.0026959483646876344
746,1286.981486,1286.981486,0.002722907848334511
747,1286.8002353333334,1286.8002353333334,0.0027501369268178558
748,1286.6918053333334,1286.6918053333334,0.0027776382960860344
749,1286.535834,1286.535834,0.0028054146790468947
750,1286.4235743333334,1286.4235743333334,0.0028334688258373638
751,1285.8768106666666,1285.8768106666666,0.0028618035140957373
752,1285.6073956666667,1285.6073956666667,0.0028904215492366945
753,1285.1191636666667,1285.1191636666667,0.0029193257647290617
754,1284.6804446666667,1284.6804446666667,0.002948519022376352
755,1284.5222333333334,1284.5222333333334,0.0029780042126001157
756,1284.5126873333334,1284.5126873333334,0.003007784254726117
757,1284.3551206666666,1284.3551206666666,0.003037862097273378
758,1284.2815503333334,1284.2815503333334,0.0030682407182461117
759,1284.187582,1284.187582,0.003098923125428573
760,1283.7169436666666,1283.7169436666666,0.0031299123566828585
761,1283.5423786666668,1283.5423786666668,0.003161211480249687
762,1283.205646,1283.205646,0.0031928235950521838
763,1283.0479293333333,1283.0479293333333,0.0032247518310027055
764,1283.0148753333333,1283.0148753333333,0.003256999349312733
765,1282.6662833333332,1282.6662833333332,0.00328956934280586
766,1282.591371,1282.591371,0.003322465036233919
767,1282.4700233333333,1282.4700233333333,0.003355689686596258
768,1282.208547,1282.208547,0.0033892465834622207
769,1281.621189,1281.621189,0.003423139049296843
770,1281.1690366666667,1281.1690366666667,0.0034573704397898113
771,1281.1522596666666,1281.1522596666666,0.0034919441441877094
772,1280.56145,1280.56145,0.0035268635856295864
773,1280.4180363333332,1280.4180363333332,0.003562132221485882
774,1280.168486,1280.168486,0.003597753543700741
775,1279.9259573333334,1279.9259573333334,0.0036337310791377487
776,1279.741763,1279.741763,0.003670068389929126
777,1279.581513,1279.581513,0.0037067690738284173
778,1279.506026,1279.506026,0.0037438367645667016
779,1278.6831593333334,1278.6831593333334,0.003781275132212369
780,1278.3414413333333,1278.3414413333333,0.0038190878835344926
781,1278.25472,1278.25472,0.0038572787623698374
782,1278.1059843333333,1278.1059843333333,0.0038958515499935356
783,1277.9041146666666,1277.9041146666666,0.003934810065493471
784,1277.808994,1277.808994,0.003974158166148406
785,1277.5059676666667,1277.5059676666667,0.00401389974780989
786,1277.231797,1277.231797,0.004054038745287989
787,1277.0385873333332,1277.0385873333332,0.004094579132740869
788,1276.5721986666667,1276.5721986666667,0.004135524924068277
789,1276.4719406666666,1276.4719406666666,0.00417688017330896
790,1276.309216,1276.309216,0.00421864897504205
791,1276.1478633333334,1276.1478633333334,0.00426083546479247
792,1276.103587,1276.103587,0.004303443819440395
793,1275.932954,1275.932954,0.0043464782576348
794,1275.610022,1275.610022,0.004389943040211148
795,1275.416962,1275.416962,0.00443384247061326
796,1275.250074,1275.250074,0.004478180895319392
797,1275.072364,1275.072364,0.004522962704272587
798,1274.711533,1274.711533,0.004568192331315312
799,1274.540657,1274.540657,0.0046138742546284655
800,1273.9924953333334,1273.9924953333334,0.00466001299717475
801,1273.7846996666667,1273.7846996666667,0.0047066131271464974
802,1273.744574,1273.744574,0.004753679258417963
803,1273.7366583333333,1273.7366583333333,0.004801216051002142
804,1273.579657,1273.579657,0.004849228211512163
805,1273.5341356666668,1273.5341356666668,0.004897720493627285
806,1273.29838,1273.29838,0.0049466976985635585
807,1273.1758403333333,1273.1758403333333,0.004996164675549194
808,1272.8055066666666,1272.8055066666666,0.005046126322304686
809,1272.267424,1272.267424,0.005096587585527733
810,1272.23542,1272.23542,0.00514755346138301
811,1272.0215793333334,1272.0215793333334,0.00519902899599684
812,1271.8971043333333,1271.8971043333333,0.005251019285956809
813,1271.830606,1271.830606,0.005303529478816377
814,1270.9923863333333,1270.9923863333333,0.00535656477360454
815,1270.3671193333332,1270.3671193333332,0.005410130421340586
816,1270.3530766666668,1270.3530766666668,0.005464231725553992
817,1270.2723443333334,1270.2723443333334,0.005518874042809532
818,1270.1667253333333,1270.1667253333333,0.005574062783237627
819,1270.0309323333333,1270.0309323333333,0.005629803411070004
820,1269.729502,1269.729502,0.005686101445180704
821,1269.468193,1269.468193,0.005742962459632511
822,1269.028183,1269.028183,0.005800392084228836
823,1268.9924936666666,1268.9924936666666,0.005858396005071125
824,1268.7382363333334,1268.7382363333334,0.005916979965121836
825,1268.6074443333334,1268.6074443333334,0.005976149764773054
826,1267.5094353333334,1267.5094353333334,0.0060359112624207845
827,1267.326696,1267.326696,0.0060962703750449924
828,1266.970952,1266.970952,0.006157233078795442
829,1266.837949,1266.837949,0.006218805409583397
830,1266.3787773333333,1266.3787773333333,0.006280993463679231
831,1266.3504573333332,1266.3504573333332,0.006343803398316023
832,1265.9885353333334,1265.9885353333334,0.006407241432299183
833,1265.6918856666666,1265.6918856666666,0.0064713138466221745
834,1265.5786346666666,1265.5786346666666,0.006536026985088397
835,1265.31256,1265.31256,0.006601387254939281
836,1265.027234,1265.027234,0.006667401127488674
837,1264.2067543333333,1264.2067543333333,0.0067340751387635605
838,1264.0264766666667,1264.0264766666667,0.006801415890151197
839,1263.812417,1263.812417,0.006869430049052708
840,1263.6621223333334,1263.6621223333334,0.006938124349543235
841,1263.5714613333334,1263.5714613333334,0.0070075055930386675
842,1263.431531,1263.431531,0.007077580648969054
843,1263.3142116666668,1263.3142116666668,0.007148356455458744
844,1263.0806476666667,1263.0806476666667,0.007219840020013332
845,1262.9892913333333,1262.9892913333333,0.007292038420213465
846,1262.8609553333333,1262.8609553333333,0.0073649588044156005
847,1261.4098636666668,1261.4098636666668,0.007438608392459757
848,1261.065638,1261.065638,0.007512994476384354
849,1260.78198,1260.78198,0.007588124421148198
850,1260.7104446666667,1260.7104446666667,0.0076640056653596795
851,1260.3710323333332,1260.3710323333332,0.007740645722013276
852,1260.2508676666666,1260.2508676666666,0.00781805217923341
853,1259.8965493333333,1259.8965493333333,0.007896232701025744
854,1259.7721883333334,1259.7721883333334,0.007975195028036001
855,1259.493435,1259.493435,0.008054946978316362
856,1259.2937396666666,1259.2937396666666,0.008135496448099525
857,1259.2439673333333,1259.2439673333333,0.00821685141258052
858,1259.0036736666666,1259.0036736666666,0.008299019926706326
859,1258.7867843333333,1258.7867843333333,0.008382010125973388
860,1258.6076793333334,1258.6076793333334,0.008465830227233122
861,1258.2695626666666,1258.2695626666666,0.008550488529505454
862,1258.060295,1258.060295,0.008635993414800508
863,1257.8991533333333,1257.8991533333333,0.008722353348948513
864,1257.790692,1257.790692,0.008809576882437997
865,1257.4978823333333,1257.4978823333333,0.008897672651262378
866,1257.458245,1257.458245,0.008986649377775002
867,1257.3353633333334,1257.3353633333334,0.009076515871552752
868,1257.0795106666667,1257.0795106666667,0.00916728103026828
869,1257.014817,1257.014817,0.009258953840570964
870,1256.7611566666667,1256.7611566666667,0.009351543378976673
871,1256.2886846666668,1256.2886846666668,0.00944505881276644
872,1256.142129,1256.142129,0.009539509400894104
873,1255.5669036666666,1255.5669036666666,0.009634904494903045
874,1255.2023383333333,1255.2023383333333,0.009731253539852077
875,1254.8814773333334,1254.8814773333334,0.009828566075250598
876,1254.8330223333332,1254.8330223333332,0.009926851736003104
877,1254.24701,1254.24701,0.010026120253363136
878,1254.0727986666666,1254.0727986666666,0.010126381455896767
879,1253.9929593333334,1253.9929593333334,0.010227645270455735
880,1253.66135,1253.66135,0.010329921723160293
881,1253.4641863333334,1253.4641863333334,0.010433220940391896
882,1253.3052783333333,1253.3052783333333,0.010537553149795814
883,1253.2205836666667,1253.2205836666667,0.010642928681293773
884,1252.815082,1252.815082,0.01074935796810671
885,1252.481325,1252.481325,0.010856851547787778
886,1251.750222,1251.750222,0.010965420063265655
887,1251.750222,1251.750222,0.0054827100316328274
888,1251.5854,1251.5854,0.005537537131949156
889,1251.218055,1251.218055,0.0055929125032686475
890,1250.9676113333333,1250.9676113333333,0.005648841628301334
891,1250.7450376666666,1250.7450376666666,0.005705330044584347
892,1250.419006,1250.419006,0.0057623833450301904
893,1250.2593226666668,1250.2593226666668,0.005820007178480492
894,1250.1091226666667,1250.1091226666667,0.005878207250265297
895,1249.97209,1249.97209,0.00593698932276795
896,1249.803678,1249.803678,0.005996359215995629
897,1249.79801,1249.79801,0.006056322808155585
898,1249.716403,1249.716403,0.006116886036237141
899,1249.5756963333333,1249.5756963333333,0.006178054896599512
900,1249.2675636666668,1249.2675636666668,0.006239835445565507
901,1249.0195053333334,1249.0195053333334,0.006302233800021162
902,1248.9267633333334,1248.9267633333334,0.0063652561380213735
903,1248.7584693333333,1248.7584693333333,0.0064289086994015875
904,1248.537725,1248.537725,0.006493197786395603
905,1248.3759116666668,1248.3759116666668,0.0065581297642595595
906,1248.0954613333333,1248.0954613333333,0.006623711061902155
907,1247.8204863333333,1247.8204863333333,0.006689948172521177
908,1247.413357,1247.413357,0.006756847654246389
909,1247.227405,1247.227405,0.006824416130788853
910,1246.8017853333333,1246.8017853333333,0.006892660292096741
911,1246.4443286666667,1246.4443286666667,0.006961586895017709
912,1246.234814,1246.234814,0.007031202763967886
913,1246.1219423333334,1246.1219423333334,0.007101514791607565
914,1246.1034216666667,1246.1034216666667,0.007172529939523641
915,1245.6549763333333,1245.6549763333333,0.0072442552389188775
916,1245.5175286666667,1245.5175286666667,0.007316697791308066
917,1245.2778636666667,1245.2778636666667,0.007389864769221147
918,1243.878834,1243.878834,0.007463763416913359
919,1243.4426,1243.4426,0.0075384010510824925
920,1243.3951466666667,1243.3951466666667,0.007613785061593318
921,1243.3022296666666,1243.3022296666666,0.007689922912209251
922,1243.229923,1243.229923,0.007766822141331344
923,1243.0793323333332,1243.0793323333332,0.007844490362744658
924,1242.7491273333333,1242.7491273333333,0.007922935266372104
925,1242.7491273333333,1242.7491273333333,0.003961467633186052
926,1242.5721956666666,1242.5721956666666,0.004001082309517913
927,1242.5564413333334,1242.5564413333334,0.0040410931326130915
928,1242.4140386666666,1242.4140386666666,0.0040815040639392225
929,1242.209888,1242.209888,0.004122319104578615
930,1242.1051836666666,1242.1051836666666,0.004163542295624401
931,1241.8612786666667,1241.8612786666667,0.004205177718580645
932,1241.2495206666667,1241.2495206666667,0.004247229495766451
933,1241.0892306666667,1241.0892306666667,0.0042897017907241155
934,1240.9905286666667,1240.9905286666667,0.004332598808631356
935,1240.7770276666668,1240.7770276666668,0.00437592479671767
936,1240.6822886666666,1240.6822886666666,0.004419684044684847
937,1240.5311566666667,1240.5311566666667,0.004463880885131695
938,1240.3724146666666,1240.3724146666666,0.0045085196939830124
939,1240.2518196666667,1240.2518196666667,0.004553604890922843
940,1240.1576536666666,1240.1576536666666,0.004599140939832071
941,1239.7332163333333,1239.7332163333333,0.004645132349230392
942,1239.4243143333333,1239.4243143333333,0.004691583672722695
943,1239.3372603333332,1239.3372603333332,0.0047384995094499225
944,1239.1668003333334,1239.1668003333334,0.004785884504544422
945,1238.8618203333333,1238.8618203333333,0.004833743349589866
946,1238.7749516666668,1238.7749516666668,0.004882080783085765
947,1238.5901373333334,1238.5901373333334,0.004930901590916623
948,1238.109643,1238.109643,0.004980210606825789
949,1238.0145356666667,1238.0145356666667,0.005030012712894047
950,1237.8782763333334,1237.8782763333334,0.005080312840022988
951,1237.425075,1237.425075,0.005131115968423218
952,1237.359355,1237.359355,0.00518242712810745
953,1237.108067,1237.108067,0.0052342513993885245
954,1236.953,1236.953,0.00528659391338241
955,1236.8608973333332,1236.8608973333332,0.005339459852516234
956,1236.4652193333334,1236.4652193333334,0.005392854451041397
957,1236.404973,1236.404973,0.005446782995551811
958,1236.278175,1236.278175,0.005501250825507329
959,1235.928067,1235.928067,0.005556263333762403
960,1235.705091,1235.705091,0.005611825967100027
961,1235.671262,1235.671262,0.005667944226771027
962,1235.3259183333332,1235.3259183333332,0.005724623669038737
963,1235.0197843333333,1235.0197843333333,0.005781869905729124
964,1234.9798996666666,1234.9798996666666,0.005839688604786415
965,1234.641243,1234.641243,0.005898085490834279
966,1234.5651226666666,1234.5651226666666,0.0059570663457426225
967,1234.41516,1234.41516,0.006016637009200049
968,1234.3366153333334,1234.3366153333334,0.00607680337929205
969,1234.2478963333333,1234.2478963333333,0.00613757141308497
970,1234.0541826666667,1234.0541826666667,0.00619894712721582
971,1233.9917743333333,1233.9917743333333,0.006260936598487979
972,1233.782559,1233.782559,0.006323545964472858
973,1233.6426266666667,1233.6426266666667,0.006386781424117587
974,1233.5016636666667,1233.5016636666667,0.0064506492383587626
975,1233.2802353333334,1233.2802353333334,0.00651515573074235
976,1233.1550056666667,1233.1550056666667,0.006580307288049774
977,1232.8695593333334,1232.8695593333334,0.006646110360930272
978,1232.8577863333333,1232.8577863333333,0.006712571464539575
979,1232.562109,1232.562109,0.006779697179184971
980,1232.4102116666666,1232.4102116666666,0.00684749415097682
981,1232.223342,1232.223342,0.006915969092486589
982,1231.9064403333334,1231.9064403333334,0.006985128783411455
